ean,nombre,marca,cantidad,unidad,categoria
7501000111206,PAN BLANCO BIMBO,Bimbo,620,g,abarrotes
7501000111503,PAN HOT DOG BIMBO,Bimbo,340,g,abarrotes
7501000153800,PINGUINOS BIMBO,Marinela,80,g,abarrotes
7500810020531,PINGUINOS TRIPLE CHOCOLATE,Marinela,80,g,abarrotes
7501000153107,GANSITO,Marinela,50,g,abarrotes
0000075002275,CHOCO ROLES,Marinela,100,g,abarrotes
7501000153459,ROLLO FRESA,Marinela,75,g,abarrotes
7501000127344,LORS,Marinela,98,g,abarrotes
7501030421443,FAVORITAS NUEZ,Lara,155,g,abarrotes
7501030421450,FAVORITAS VAINILLA,Lara,155,g,abarrotes
7501030490418,DELICIOSAS CHOCO CHISPAS,Lara,80,g,abarrotes
7503031287127,DELICIOSAS VAINILLA,Lara,90,g,abarrotes
7501030457190,MINI BARRITA FRESA,Marinela,222,g,abarrotes
7501030486367,TUBO GANSITO,Marinela,215,g,abarrotes
7501000128167,PRINCIPE,Marinela,105,g,abarrotes
7501030491644,CANELITAS,Lara,90,g,abarrotes
7501030490937,CANELITAS TUBO,Lara,180,g,abarrotes
7501000138944,SPONCH,Marinela,120,g,abarrotes
7500810014004,SPONCH PINA,Marinela,120,g,abarrotes
7501000133338,PASTISETAS,Marinela,75,g,abarrotes
7501030430254,DANESAS,Lara,85,g,abarrotes
7501030491057,TRIKI TRAKES,Lara,170,g,abarrotes
7500810015810,PANQUE NUEZ,Bimbo,280,g,abarrotes
7501030456322,MANTECADA VAINILLA,Bimbo,157,g,abarrotes
7501000142804,DIVIDIDAS TIRAS,Marinela,110,g,abarrotes
7500810014721,BARRITAS FRESA,Marinela,75,g,abarrotes
7500810014516,TARTAS CAJETA,Marinela,110,g,abarrotes
7500810016466,TARTAS GUAYABA,Marinela,110,g,abarrotes
7503029445218,TARTAS MIX,Marinela,110,g,abarrotes
7503034673705,TUBO TARTA FRESA,Marinela,183,g,abarrotes
7622300124526,GALLETAS RITZ QUESO,Ritz,34,g,abarrotes
7622210827845,OREO,Oreo,68,g,abarrotes
7622210566706,OREO CHOCOLATE,Oreo,68,g,abarrotes
7622210541192,OREO PAY LIMON,Oreo,68,g,abarrotes
7622210541376,OREO VAINILLA,Oreo,68,g,abarrotes
7502271159737,GALLETAS INTEGRAL PINA,Bitz,80,g,abarrotes
7502271159713,GALLETAS INTEGRAL FRESA,Bitz,80,g,abarrotes
7502271159706,GALLETAS INTEGRAL ARANDANO,Bitz,80,g,abarrotes
7502271159720,GALLETAS INTEGRAL CHOCO FRESA,Bitz,80,g,abarrotes
7502271150147,GALLETAS CRACKER,Bitz,95,g,abarrotes
7501008042946,ZUCARITAS,Kellogg's,300,g,abarrotes
7501008057292,ZUCARITAS,Kellogg's,600,g,abarrotes
7501024549092,HERSHEY'S ORIGINS,Hershey's,15,g,abarrotes
7501024546473,HERSHEY'S ZERO AZUCAR,Hershey's,15,g,abarrotes
7501024530274,HERSHEY'S ZERO,Hershey's,17,g,abarrotes
7501024599356,HERSHEY'S FRESA CREMA,Hershey's,20,g,abarrotes
7501024599332,HERSHEY'S UNICORNIO,Hershey's,20,g,abarrotes
7501024524556,HERSHEY'S COOKIES CREME,Hershey's,60,g,abarrotes
7501024544295,HERSHEY'S ALMENDRAS,Hershey's,60,g,abarrotes
7501024580507,HERSHEY'S DARK,Hershey's,60,g,abarrotes
7501024501007,HERSHEY'S SPECIAL DARK,Hershey's,41,g,abarrotes
0000075011192,HERSHEY'S COOKIES CREME,Hershey's,43,g,abarrotes
7501024513314,HERSHEY'S ALMENDRAS,Hershey's,38,g,abarrotes
7501024511310,HERSHEY'S LECHE,Hershey's,40,g,abarrotes
7501024523788,HERSHEY'S BITES COOKIES,Hershey's,43,g,abarrotes
7501024523801,HERSHEY'S BITES ALMENDRAS,Hershey's,43,g,abarrotes
7501024524211,HERSHEY'S BITES LECHE,Hershey's,43,g,abarrotes
7501024524242,HERSHEY'S BITES DARK,Hershey's,43,g,abarrotes
7502271150130,ACEITE VEGETAL,La Posada,870,ml,abarrotes
7501039121993,ACEITE NUTRIOLI,Nutrioli,400,ml,abarrotes
7501101525025,HUEVO BLANCO,Bachoco,744,g,abarrotes
7501404603116,HARINA TRIGO,Selecta,1,kg,abarrotes
7501052420165,FRIJOLES NEGROS,La Sierra,430,g,abarrotes
7501954908914,FRIJOL PINTO,La Posada,900,g,abarrotes
7501045403014,ATUN DOLORES,Dolores,130,g,abarrotes
7501954906798,ATUN ACEITE,La Posada,140,g,abarrotes
7501954906781,ATUN AGUA,La Posada,140,g,abarrotes
7501954907788,ARROZ,La Posada,900,g,abarrotes
7506475114998,NESCAFE ICE,Nestle,170,g,abarrotes
7506475113717,NESCAFE CLASICO,Nestle,200,g,abarrotes
7501059281660,LA LECHERA,Nestle,325,g,abarrotes
7501079702817,PURE TOMATE,Del Fuerte,210,g,abarrotes
7613287216458,CONSOME TOMATE,Consomate,10,g,abarrotes
7501058650665,MAGGI JUGO,Nestle,45,ml,abarrotes
7501017051335,RAJAS CHILE,La Costena,240,g,abarrotes
0661440000014,AZUCAR ZULKA,Zulka,1,kg,abarrotes
7501006585100,HUNT'S BOLOGNESA,Hunt's,500,g,abarrotes
7501006523959,HUNT'S SALSA CASERA,Hunt's,360,g,abarrotes
7501006523973,HUNT'S SALSA CASERA,Hunt's,360,g,abarrotes
7501006584035,HUNT'S BBQ,Hunt's,360,g,abarrotes
7501006505689,HUNT'S WINGS,Hunt's,550,g,abarrotes
0000075053895,DEL MONTE CATSUP,Del Monte,370,g,abarrotes
0013000001243,HEINZ KETCHUP,Heinz,397,g,abarrotes
0608875008222,HEINZ MAYONESA,Heinz,390,g,abarrotes
7501041420008,ATUN TUNY ACEITE,Tuny,130,g,abarrotes
7501041419996,ATUN TUNY AGUA,Tuny,130,g,abarrotes
7501041417299,ATUN TUNY JUMBO,Tuny,295,g,abarrotes
0041789007910,MARUCHAN YAKISOBA POLLO,Maruchan,113,g,abarrotes
0041789007927,MARUCHAN YAKISOBA TERIYAKI,Maruchan,113,g,abarrotes
7501954902318,PANALES TIKYTIN T4,Tikytin,14,pzs,abarrotes
7501954904664,PANALES TIKYTIN T5,Tikytin,14,pzs,abarrotes
7502271153179,PANALES TIKYTIN T6,Tikytin,14,pzs,abarrotes
7501954903698,PAPEL HIGIENICO,Azalea,350,pzs,abarrotes
7502271155098,PLATO NO 8,Desechable,20,pzs,abarrotes
7502271155135,VASO NO 12,Desechable,20,pzs,abarrotes
7502271155968,DETERGENTE AZALEA,Azalea,800,g,abarrotes
7509546000343,COLGATE TRIPLE ACCION,Colgate,100,g,abarrotes
7506306245990,ZEST AQUA,Zest,135,g,abarrotes
7501943471900,TOALLITAS HUMEDAS,KBB,120,pzs,abarrotes
7501019006647,SABA ULTRA DELGADA,Saba,10,pzs,abarrotes
7506195178188,ALWAYS PINKCESS,Always,8,pzs,abarrotes
7501035910034,FABULOSO,Palmolive,1,l,abarrotes
7501035919129,SHAMPOO PALMOLIVE,Palmolive,400,ml,abarrotes
7509546073767,STEFANO BLACK,Stefano,113,g,abarrotes
7509546682570,SUAVITEL LILAS,Suavitel,700,ml,abarrotes
7509546663357,AXION LIMON,Axion,640,ml,abarrotes
7501025405151,CLORALEX GEL,Cloralex,950,ml,abarrotes
7500435108256,SALVO LIMON,Salvo,500,ml,abarrotes
7500435161275,SALVO MULTIUSOS,Salvo,1,kg,abarrotes
7500435126106,DOWNY PUREZA,Downy,1,l,abarrotes
7500435160995,DOWNY AMANECER,Downy,1,l,abarrotes
7501025444976,ENSUENO VIOLETAS,Ensueno,740,ml,abarrotes
7501025430436,ENSUENO TURQUESA,Ensueno,1,l,abarrotes
7501025456511,PINOL ORIGINAL,Pinol,750,ml,abarrotes
7501025456191,PINOL ORIGINAL,Pinol,750,ml,abarrotes
7501072202307,DOG CHOW,Purina,2,kg,abarrotes
7501072211927,GATINA POLLO,Purina,1,kg,abarrotes
7502281120918,GANADOR ADULTO,Ganador,2,kg,abarrotes
7501058617873,LA LECHERA,Nestle,387,g,abarrotes
7501059225411,NIDO KINDER,Nestle,360,g,abarrotes