ean,nombre,marca,cantidad,unidad,categoria
7501055304745,COCA COLA ORIGINAL,Coca-Cola,3,l,refrescos
7501055302925,COCA COLA ORIGINAL,Coca-Cola,2,l,refrescos
7501055302451,COCA COLA ORIGINAL,Coca-Cola,1,l,refrescos
0000075007614,COCA COLA ORIGINAL,Coca-Cola,600,ml,refrescos
7501055300075,COCA COLA ORIGINAL,Coca-Cola,355,ml,refrescos
7501055320639,COCA COLA SIN AZUCAR,Coca-Cola,600,ml,refrescos
7501055305339,COCA COLA LIGHT,Coca-Cola,600,ml,refrescos
7501055361540,COCA COLA ORIGINAL,Coca-Cola,355,ml,refrescos
7501055361557,COCA COLA SIN AZUCAR,Coca-Cola,355,ml,refrescos
7501055305391,COCA COLA LIGHT,Coca-Cola,355,ml,refrescos
7501055354672,COCA COLA ORIGINAL,Coca-Cola,235,ml,refrescos
7501055354696,COCA COLA SIN AZUCAR,Coca-Cola,235,ml,refrescos
7501055354689,COCA COLA LIGHT,Coca-Cola,235,ml,refrescos
7501055341344,COCA COLA ORIGINAL,Coca-Cola,355,ml,refrescos
7501031310012,PEPSI ORIGINAL,Pepsi,600,ml,refrescos
7501031302741,PEPSI ORIGINAL,Pepsi,400,ml,refrescos
7501031312559,PEPSI LIGHT,Pepsi,600,ml,refrescos
7501031306022,PEPSI LIGHT,Pepsi,400,ml,refrescos
7501031310258,PEPSI ORIGINAL,Pepsi,2.5,l,refrescos
7501031311682,PEPSI ORIGINAL,Pepsi,1.5,l,refrescos
7501022013052,PEPSI BLACK,Pepsi,600,ml,refrescos
7501022013021,PEPSI BLACK,Pepsi,355,ml,refrescos
7501022014288,GATORADE SIN AZUCAR,Gatorade,1,l,refrescos
7501022014295,GATORADE FRAMBUESA,Gatorade,1,l,refrescos
7501055303779,FANTA NARANJA,Fanta,600,ml,refrescos
7501055328321,FANTA NARANJA,Fanta,400,ml,refrescos
7501031345052,MIRINDA NARANJA,Mirinda,600,ml,refrescos
7501031302819,MIRINDA ORIGINAL,Mirinda,400,ml,refrescos
7501055305629,SPRITE ORIGINAL,Sprite,600,ml,refrescos
7501055328369,SPRITE ORIGINAL,Sprite,400,ml,refrescos
7501022014585,7UP ORIGINAL,7UP,600,ml,refrescos
7501031302796,7UP ORIGINAL,7UP,400,ml,refrescos
7501055339983,SIDRAL MUNDET,Mundet,600,ml,refrescos
7501031360024,MANZANITA SOL,Manzanita Sol,600,ml,refrescos
7501031302802,MANZANITA SOL,Manzanita Sol,400,ml,refrescos
7501071120664,SQUIRT ORIGINAL,Squirt,400,ml,refrescos
7501071120183,SQUIRT ORIGINAL,Squirt,600,ml,refrescos
7501071140242,SQUIRT DIETA,Squirt,600,ml,refrescos
7501055304813,FRESCA TORONJA,Fresca,3,l,refrescos
7501055303786,FRESCA TORONJA,Fresca,600,ml,refrescos
7501198355536,DR PEPPER ORIGINAL,Dr Pepper,355,ml,refrescos
7501198355574,DR PEPPER CREAM SODA,Dr Pepper,355,ml,refrescos
7501055328444,JOYA PONCHE,Joya,400,ml,refrescos
7501055328420,JOYA MANZANA,Joya,400,ml,refrescos
7501013101911,HIDROLIT UVA,Hidrolit,625,ml,refrescos
7501013101935,HIDROLIT MANZANA,Hidrolit,625,ml,refrescos
7501031302352,LIPTON LIMON,Lipton,600,ml,refrescos
7501031302376,LIPTON CITRUS,Lipton,600,ml,refrescos
7501022014905,LIPTON TE HELADO,Lipton,1,l,refrescos
7501022014899,LIPTON TE VERDE,Lipton,1,l,refrescos
7501031307210,JUMEX CITRUS,Jumex,600,ml,refrescos
7501031307241,JUMEX CONGA,Jumex,600,ml,refrescos
7501031307678,JUMEX CITRUS,Jumex,400,ml,refrescos
7501031307708,JUMEX CONGA,Jumex,400,ml,refrescos
7501022009062,JUMEX CITRUS,Jumex,1.5,l,refrescos
7501022009079,JUMEX CONGA,Jumex,1.5,l,refrescos
7501022008850,EPURITA MANZANA,Epurita,330,ml,refrescos
7501022008867,EPURITA UVA,Epurita,330,ml,refrescos
7501022012451,EPURITA JAMAICA,Epurita,330,ml,refrescos
7501055317653,POWERADE MORAS,Powerade,1,l,refrescos
7501055310777,POWERADE MORAS,Powerade,600,ml,refrescos
7501055380749,POWERADE TROPICAL,Powerade,1,l,refrescos
7501125144851,ELECTROLIT UVA,Electrolit,625,ml,refrescos
7501125174797,ELECTROLIT MORA AZUL,Electrolit,625,ml,refrescos
7501125104411,ELECTROLIT COCO,Electrolit,625,ml,refrescos
7501125104268,ELECTROLIT FRESA,Electrolit,625,ml,refrescos
7501125149221,ELECTROLIT FRESA KIWI,Electrolit,625,ml,refrescos
7501125118562,ELECTROLIT LIMA LIMON,Electrolit,625,ml,refrescos
7501125104688,ELECTROLIT NARANJA,Electrolit,625,ml,refrescos
7501125104343,ELECTROLIT MANZANA,Electrolit,625,ml,refrescos
0650240032295,SUEROX MORA AZUL,Suerox,630,ml,refrescos
0650240032264,SUEROX FRESA KIWI,Suerox,630,ml,refrescos
0650240032271,SUEROX UVA,Suerox,630,ml,refrescos
0650240066283,SUEROX FRESA MENTA,Suerox,630,ml,refrescos
0650240032325,SUEROX LIMA LIMON,Suerox,630,ml,refrescos
0650240066139,SUEROX FRUTOS ROJOS,Suerox,630,ml,refrescos
0650240032257,SUEROX MANZANA,Suerox,630,ml,refrescos
0650240035395,SUEROX COCO,Suerox,630,ml,refrescos
7501055381876,FLASHLYTE COCO LIMON,Flashlyte,625,ml,refrescos
7501055381883,FLASHLYTE FRESA,Flashlyte,625,ml,refrescos
7503027753629,VOLT YELLOW,Volt,473,ml,refrescos
7506241204144,VOLT RED FOCUS,Volt,473,ml,refrescos
7503037623721,VOLT GAMER,Volt,473,ml,refrescos
9002490100070,RED BULL ORIGINAL,Red Bull,250,ml,refrescos
0000090454653,RED BULL COCO,Red Bull,250,ml,refrescos
7506192509619,VIVE XTREME,Vive,500,ml,refrescos
7506192508711,VIVE 100,Vive,473,ml,refrescos
7506192507349,AMPER ENERGY,Amper,473,ml,refrescos
7506192507714,AMPER BLUEBERRY,Amper,473,ml,refrescos
7506192508216,AMPER PREDATOR,Amper,473,ml,refrescos
7506192509084,AMPER BEAT,Amper,473,ml,refrescos
7506192507561,VITALOE ORIGINAL,Vitaloe,500,ml,refrescos
7506192508285,VITALOE MANDARINA,Vitaloe,500,ml,refrescos
0815154022705,PREDATOR GOLDSTRIKE,Predator,473,ml,refrescos
0815154022156,PREDATOR MEAN GREEN,Predator,473,ml,refrescos
0815154025096,PREDATOR RED APPLE,Predator,473,ml,refrescos
0613008765194,ARIZONA SANDIA,Arizona,460,ml,refrescos
0613008765224,ARIZONA MANGO,Arizona,460,ml,refrescos
7501055332489,DEL VALLE MANGO,Del Valle,500,ml,refrescos
7501055332496,DEL VALLE DURAZNO,Del Valle,500,ml,refrescos
7501055375646,DEL VALLE MANGO FRESA,Del Valle,500,ml,refrescos
7501055375677,DEL VALLE PINA MANDARINA,Del Valle,500,ml,refrescos
7501055358885,FUZE TEA LIMON,Fuze Tea,600,ml,refrescos
7501055317875,FUZE TEA DURAZNO,Fuze Tea,500,ml,refrescos
7501055358861,FUZE TEA LIMON,Fuze Tea,1,l,refrescos
7501055366798,FUZE TEA DURAZNO,Fuze Tea,1,l,refrescos
7501055328666,VITAMIN WATER ENERGY,Vitamin Water,500,ml,refrescos
0031200610331,OCEAN SPRAY ARANDANO,Ocean Spray,1,l,refrescos
0031200454560,OCEAN SPRAY ARANDANO,Ocean Spray,1,l,refrescos
0031200454577,OCEAN SPRAY UVA,Ocean Spray,1,l,refrescos
7501013103649,JUMEX 0 MANZANA,Jumex,450,ml,refrescos
7501013103656,JUMEX 0 MANGO,Jumex,450,ml,refrescos
7501013102178,JUMEX 0 DURAZNO,Jumex,450,ml,refrescos
7501013103663,JUMEX 0 DURAZNO,Jumex,450,ml,refrescos
7501013174052,JUMEX DURAZNO,Jumex,450,ml,refrescos
7501013103342,JUMEX MANZANA,Jumex,450,ml,refrescos
7501013104691,JUMEX MANGO,Jumex,475,ml,refrescos
7501013103205,JUMEX MANZANA,Jumex,1,l,refrescos
7501011350687,V8 BERRY BLEND,V8,500,ml,refrescos
7501011350694,V8 FRESA KIWI,V8,500,ml,refrescos
7501086801046,EPURA,Epura,1,l,refrescos
7501086801121,EPURA,Epura,600,ml,refrescos
7501086801015,EPURA,Epura,1.5,l,refrescos
7501086800636,EPURA,Epura,2,l,refrescos
7501011181809,BE LIGHT JAMAICA,Sabritas,1.5,l,refrescos
7501011181755,BE LIGHT LIMON,Sabritas,1.5,l,refrescos
7501055310227,COCA COLA ORIGINAL RETORNABLE,Coca-Cola,2.5,l,refrescos
7501031305629,PEPSI ORIGINAL RETORNABLE,Pepsi,2.5,l,refrescos